Name,SKU,URL
Daniel Ebersole,117,https://unsplash.com/photos/Q14J2k8VE3U/download
Rick Waalders,118,https://unsplash.com/photos/d-Cr8MEW5Uc/download
Nadir Balcikli,119,https://unsplash.com/photos/wE9nUW7tMmk/download
Paul Jarvis,12,https://unsplash.com/photos/I_9ILwtsl_k/download
Guillaume,120,https://unsplash.com/photos/_DA3D5P71qs/download
Radio Pink,121,https://unsplash.com/photos/p-bkdO43shE/download
Vadim Sherbakov,122,https://unsplash.com/photos/xS_RzdD5CFE/download
Mark Doda,123,https://unsplash.com/photos/tS9hJOnmKK8/download
Anton Sulsky,124,https://unsplash.com/photos/fj0tFloTPGQ/download
Rick Waalders,125,https://unsplash.com/photos/3HlgJNdnD7I/download
Zugr,126,https://unsplash.com/photos/asrWX-lU3RE/download
Marcin Czerwinski,127,https://unsplash.com/photos/rf-0DQu5M6Y/download
Matteo Minelli,128,https://unsplash.com/photos/hlnucYOsL-c/download
Charlie Foster,129,https://unsplash.com/photos/A88emaZe7d8/download
Paul Jarvis,13,https://unsplash.com/photos/3MtiSMdnoCo/download
Ryan Jacques,130,https://unsplash.com/photos/ywiAen4L4qA/download
Charlie Foster,131,https://unsplash.com/photos/yPaskTQiNjA/download
Peter Besser,132,https://unsplash.com/photos/gq4kE8KRP8c/download
Dietmar Becker,133,https://unsplash.com/photos/8Zt0xOOK4nI/download
Charlie Foster,134,https://unsplash.com/photos/Osl4I3IS9Cw/download
Yuriy Khimanin,135,https://unsplash.com/photos/o4H20aIIAt8/download
Marcin Czerwinski,136,https://unsplash.com/photos/2wugfiddtXw/download
Vladimir Kramer,137,https://unsplash.com/photos/xzZtV9ED5Bs/download
Steve Richey,139,https://unsplash.com/photos/M-1MRfncLk0/download
Paul Jarvis,14,https://unsplash.com/photos/IQ1kOQTJrOQ/download
Kundan Ramisetti,140,https://unsplash.com/photos/Acfgb7bc-Bc/download
Greg Shield,141,https://unsplash.com/photos/v9eNihIWh8k/download
Vadim Sherbakov,142,https://unsplash.com/photos/KSyemQIWwP8/download
Steve Richey,143,https://unsplash.com/photos/6xqAK6oAeHA/download
Mouly Kumar,144,https://unsplash.com/photos/TuOiIpkIea8/download
Lucas Boesche,145,https://unsplash.com/photos/VkuuTRkcRqw/download
Florian Klauer,146,https://unsplash.com/photos/GG0jOrmwqtw/download
Kundan Ramisetti,147,https://unsplash.com/photos/OODWPtfXAF0/download
Guillaume,149,https://unsplash.com/photos/revxuIor0nY/download
Paul Jarvis,15,https://unsplash.com/photos/NYDo21ssGao/download
Edoardo Loru,151,https://unsplash.com/photos/xPfj_Kdcal4/download
Steven Spassov,152,https://unsplash.com/photos/tVIqMgGlAG0/download
Charlie Foster,153,https://unsplash.com/photos/xpkmxDGPz0Y/download
Christopher Sardegna,154,https://unsplash.com/photos/x_jTtMOOMd4/download
Christopher Sardegna,155,https://unsplash.com/photos/4f7r1LuPYj8/download
Christopher Sardegna,156,https://unsplash.com/photos/iRyGmA_no2Q/download
koichi nakajima,157,https://unsplash.com/photos/HFbRnCjWHsk/download
Daniel Robert,158,https://unsplash.com/photos/MRxD-J9-4ps/download
Shyamanta Baruah,159,https://unsplash.com/photos/kxqvE41_07k/download
Paul Jarvis,16,https://unsplash.com/photos/gkT4FfgHO5o/download
Thom,160,https://unsplash.com/photos/Zdcq3iKly6g/download
Chloe Benko-Prieur,161,https://unsplash.com/photos/ti4uz330CwU/download
Dillon McIntosh,162,https://unsplash.com/photos/SlGVAKyP20U/download
Linh Nguyen,163,https://unsplash.com/photos/oFAVqfTSby8/download
Linh Nguyen,164,https://unsplash.com/photos/agkblvPff5U/download
Linh Nguyen,165,https://unsplash.com/photos/xjXz8GKXcTI/download
Romain Briaux,166,https://unsplash.com/photos/yD3PXDV7Sjc/download
petradr,167,https://unsplash.com/photos/WqK_xV_hbug/download
Joeri Römer,168,https://unsplash.com/photos/Xne1N4yZuOY/download
Noel Lopez,169,https://unsplash.com/photos/BjelfpszQDw/download
Paul Jarvis,17,https://unsplash.com/photos/Ven2CV8IJ5A/download
Noel Lopez,170,https://unsplash.com/photos/LbS_k_c3BYA/download
Riley Briggs,171,https://unsplash.com/photos/cSe3oKQ03OQ/download
Aleksi Tappura,172,https://unsplash.com/photos/TQeX8khR54I/download
Linh Nguyen,173,https://unsplash.com/photos/J8k-gzI0Zy0/download
Linh Nguyen,174,https://unsplash.com/photos/YYegjUYIVeg/download
petradr,175,https://unsplash.com/photos/8hgm6mKK04U/download
Good Free Photos,176,https://unsplash.com/photos/WO4bxwzHRe8/download
Danka & Peter,177,https://unsplash.com/photos/tvicgTdh7Fg/download
Thanun Buranapong,178,https://unsplash.com/photos/JbeBraLha7U/download
Angelina Odemchuk,179,https://unsplash.com/photos/lp0IFw6YqZg/download
Paul Jarvis,18,https://unsplash.com/photos/Ps2n0rShqaM/download
Galymzhan Abdugalimov,180,https://unsplash.com/photos/ICW6QYOcdlg/download
Nick Turner,181,https://unsplash.com/photos/0EjvnhOkPLM/download
Andrea Boldizsar,182,https://unsplash.com/photos/BwgKUh9tN84/download
müllermarc,183,https://unsplash.com/photos/k7bQqdUf954/download
Tim de Groot,184,https://unsplash.com/photos/yNGQ830uFB4/download
Tim de Groot,185,https://unsplash.com/photos/M_eB1UjE0do/download
Simon Pape,186,https://unsplash.com/photos/2kc8bigeqEI/download
Andre Koch,187,https://unsplash.com/photos/oSf8ePoG9NU/download
Wojtek Witkowski,188,https://unsplash.com/photos/1fpyA_z2woY/download
Buzo Jesús,189,https://unsplash.com/photos/pHM4a_RZSLE/download
Paul Jarvis,19,https://unsplash.com/photos/P7Lh0usGcuk/download
James Forbes,190,https://unsplash.com/photos/jrzvClypPq8/download
Alex Talmon,191,https://unsplash.com/photos/6iat9p85VnQ/download
Adam Przewoski,192,https://unsplash.com/photos/umchkHwkdyM/download
Vadim Sherbakov,193,https://unsplash.com/photos/d6ebY-faOO0/download
Aleksi Tappura,194,https://unsplash.com/photos/hVOv8me9ue8/download
Matthew Skinner,195,https://unsplash.com/photos/t05kfHeygbE/download
Dyaa Eldin Moustafa,196,https://unsplash.com/photos/mR_HR8NZwg8/download
Kholodnitskiy Maksim,197,https://unsplash.com/photos/n6TWNDfyPwk/download
Sylwia Bartyzel,198,https://unsplash.com/photos/FC9mIjVT-Yw/download
Beto Galetto,199,https://unsplash.com/photos/RL0l7Zk5PxU/download
Alejandro Escamilla,2,https://unsplash.com/photos/N7XodRrbzS0/download
Aleks Dorohovich,20,https://unsplash.com/photos/nJdwUHmaY8A/download
Elias Carlsson,200,https://unsplash.com/photos/wSb8d-ke5-4/download
Craig Garner,201,https://unsplash.com/photos/YoadQb46v6k/download
Glen Carrie,202,https://unsplash.com/photos/xlAmGyZE7Zg/download
Diogo Tavares,203,https://unsplash.com/photos/PFZTiiJnjag/download
Tiago Gerken,204,https://unsplash.com/photos/vCqmY3bfqfo/download
Philipp Reiner,206,https://unsplash.com/photos/qPJ6eRAMmCM/download
Martin Wessely,208,https://unsplash.com/photos/NYxxuBSQzp4/download
Martin Wessely,209,https://unsplash.com/photos/-FgZlbzZ0R8/download
Alejandro Escamilla,21,https://unsplash.com/photos/jVb0mSn0LbE/download
Martin Wessely,210,https://unsplash.com/photos/sX4lxBWV0-A/download
